iter	RMSE
0	0.8202867455
999	4.944221885e-08
